{"myWeb0.6810520530718891":1,"myWeb0.10962084405604577":2}